"","orig.ident","CellType0","exp_binary","cell_id","Gene","Expression"
"1","MI_heart","T-Reg","Expanded","MI_heart_AAGGAGCGTCCGAAGA-1","Sipa1",0
"2","MI_heart","T-Reg","Expanded","MI_heart_AAGGAGCGTCCGAAGA-1","Trbc2",0.693147180559945
"3","MI_heart","T-Reg","Expanded","MI_heart_AAGGAGCGTCCGAAGA-1","Trbv29",0
"4","MI_heart","T-Reg","Expanded","MI_heart_AAGGAGCGTCCGAAGA-1","Gzmb",0
"5","MI_heart","T-Reg","Expanded","MI_heart_AAGGAGCGTCCGAAGA-1","Lime1",0
"6","MI_heart","T-Reg","Expanded","MI_heart_AAGGAGCGTCCGAAGA-1","Selenok",0
"7","MI_heart","T-Reg","Expanded","MI_heart_AAGGAGCGTCCGAAGA-1","Il31ra",0
"8","MI_heart","T-Reg","Expanded","MI_heart_AAGGAGCGTCCGAAGA-1","Aven",0
"9","MI_heart","T-Reg","Expanded","MI_heart_AAGGAGCGTCCGAAGA-1","Cct6a",0
"10","MI_heart","T-Reg","Expanded","MI_heart_AAGGAGCGTCCGAAGA-1","Ppm1h",1.09861228866811
"11","MI_heart","T-Reg","Expanded","MI_heart_AAGGAGCGTCCGAAGA-1","Wrn",0
"12","MI_heart","T-Reg","Expanded","MI_heart_AATCGGTGTGACAAAT-1","Sipa1",0
"13","MI_heart","T-Reg","Expanded","MI_heart_AATCGGTGTGACAAAT-1","Trbc2",1.38629436111989
"14","MI_heart","T-Reg","Expanded","MI_heart_AATCGGTGTGACAAAT-1","Trbv29",0
"15","MI_heart","T-Reg","Expanded","MI_heart_AATCGGTGTGACAAAT-1","Gzmb",0
"16","MI_heart","T-Reg","Expanded","MI_heart_AATCGGTGTGACAAAT-1","Lime1",0
"17","MI_heart","T-Reg","Expanded","MI_heart_AATCGGTGTGACAAAT-1","Selenok",0.693147180559945
"18","MI_heart","T-Reg","Expanded","MI_heart_AATCGGTGTGACAAAT-1","Il31ra",0
"19","MI_heart","T-Reg","Expanded","MI_heart_AATCGGTGTGACAAAT-1","Aven",0
"20","MI_heart","T-Reg","Expanded","MI_heart_AATCGGTGTGACAAAT-1","Cct6a",0
"21","MI_heart","T-Reg","Expanded","MI_heart_AATCGGTGTGACAAAT-1","Ppm1h",0
"22","MI_heart","T-Reg","Expanded","MI_heart_AATCGGTGTGACAAAT-1","Wrn",0
"23","MI_heart","T-Reg","Expanded","MI_heart_ACCCACTGTCCTCTTG-1","Sipa1",0
"24","MI_heart","T-Reg","Expanded","MI_heart_ACCCACTGTCCTCTTG-1","Trbc2",0.693147180559945
"25","MI_heart","T-Reg","Expanded","MI_heart_ACCCACTGTCCTCTTG-1","Trbv29",0
"26","MI_heart","T-Reg","Expanded","MI_heart_ACCCACTGTCCTCTTG-1","Gzmb",0
"27","MI_heart","T-Reg","Expanded","MI_heart_ACCCACTGTCCTCTTG-1","Lime1",0
"28","MI_heart","T-Reg","Expanded","MI_heart_ACCCACTGTCCTCTTG-1","Selenok",0
"29","MI_heart","T-Reg","Expanded","MI_heart_ACCCACTGTCCTCTTG-1","Il31ra",0
"30","MI_heart","T-Reg","Expanded","MI_heart_ACCCACTGTCCTCTTG-1","Aven",0
"31","MI_heart","T-Reg","Expanded","MI_heart_ACCCACTGTCCTCTTG-1","Cct6a",0
"32","MI_heart","T-Reg","Expanded","MI_heart_ACCCACTGTCCTCTTG-1","Ppm1h",0
"33","MI_heart","T-Reg","Expanded","MI_heart_ACCCACTGTCCTCTTG-1","Wrn",0
"34","MI_heart","T-Reg","Expanded","MI_heart_ACGGCCATCATCGCTC-1","Sipa1",0
"35","MI_heart","T-Reg","Expanded","MI_heart_ACGGCCATCATCGCTC-1","Trbc2",1.79175946922805
"36","MI_heart","T-Reg","Expanded","MI_heart_ACGGCCATCATCGCTC-1","Trbv29",0
"37","MI_heart","T-Reg","Expanded","MI_heart_ACGGCCATCATCGCTC-1","Gzmb",0
"38","MI_heart","T-Reg","Expanded","MI_heart_ACGGCCATCATCGCTC-1","Lime1",0
"39","MI_heart","T-Reg","Expanded","MI_heart_ACGGCCATCATCGCTC-1","Selenok",0.693147180559945
"40","MI_heart","T-Reg","Expanded","MI_heart_ACGGCCATCATCGCTC-1","Il31ra",0
"41","MI_heart","T-Reg","Expanded","MI_heart_ACGGCCATCATCGCTC-1","Aven",0
"42","MI_heart","T-Reg","Expanded","MI_heart_ACGGCCATCATCGCTC-1","Cct6a",0
"43","MI_heart","T-Reg","Expanded","MI_heart_ACGGCCATCATCGCTC-1","Ppm1h",0
"44","MI_heart","T-Reg","Expanded","MI_heart_ACGGCCATCATCGCTC-1","Wrn",0
"45","MI_heart","T-Reg","Expanded","MI_heart_ACGTCAAGTACCGGCT-1","Sipa1",0
"46","MI_heart","T-Reg","Expanded","MI_heart_ACGTCAAGTACCGGCT-1","Trbc2",0
"47","MI_heart","T-Reg","Expanded","MI_heart_ACGTCAAGTACCGGCT-1","Trbv29",0
"48","MI_heart","T-Reg","Expanded","MI_heart_ACGTCAAGTACCGGCT-1","Gzmb",0
"49","MI_heart","T-Reg","Expanded","MI_heart_ACGTCAAGTACCGGCT-1","Lime1",0
"50","MI_heart","T-Reg","Expanded","MI_heart_ACGTCAAGTACCGGCT-1","Selenok",1.09861228866811
"51","MI_heart","T-Reg","Expanded","MI_heart_ACGTCAAGTACCGGCT-1","Il31ra",0
"52","MI_heart","T-Reg","Expanded","MI_heart_ACGTCAAGTACCGGCT-1","Aven",0
"53","MI_heart","T-Reg","Expanded","MI_heart_ACGTCAAGTACCGGCT-1","Cct6a",0
"54","MI_heart","T-Reg","Expanded","MI_heart_ACGTCAAGTACCGGCT-1","Ppm1h",0
"55","MI_heart","T-Reg","Expanded","MI_heart_ACGTCAAGTACCGGCT-1","Wrn",0
"56","MI_heart","T-Reg","Expanded","MI_heart_ACTGTCCTCGTCACGG-1","Sipa1",0
"57","MI_heart","T-Reg","Expanded","MI_heart_ACTGTCCTCGTCACGG-1","Trbc2",1.79175946922805
"58","MI_heart","T-Reg","Expanded","MI_heart_ACTGTCCTCGTCACGG-1","Trbv29",0
"59","MI_heart","T-Reg","Expanded","MI_heart_ACTGTCCTCGTCACGG-1","Gzmb",0
"60","MI_heart","T-Reg","Expanded","MI_heart_ACTGTCCTCGTCACGG-1","Lime1",0
"61","MI_heart","T-Reg","Expanded","MI_heart_ACTGTCCTCGTCACGG-1","Selenok",0
"62","MI_heart","T-Reg","Expanded","MI_heart_ACTGTCCTCGTCACGG-1","Il31ra",0
"63","MI_heart","T-Reg","Expanded","MI_heart_ACTGTCCTCGTCACGG-1","Aven",0
"64","MI_heart","T-Reg","Expanded","MI_heart_ACTGTCCTCGTCACGG-1","Cct6a",0
"65","MI_heart","T-Reg","Expanded","MI_heart_ACTGTCCTCGTCACGG-1","Ppm1h",0
"66","MI_heart","T-Reg","Expanded","MI_heart_ACTGTCCTCGTCACGG-1","Wrn",0
"67","MI_heart","T-Reg","Expanded","MI_heart_AGACGTTAGTTTAGGA-1","Sipa1",0
"68","MI_heart","T-Reg","Expanded","MI_heart_AGACGTTAGTTTAGGA-1","Trbc2",0
"69","MI_heart","T-Reg","Expanded","MI_heart_AGACGTTAGTTTAGGA-1","Trbv29",0
"70","MI_heart","T-Reg","Expanded","MI_heart_AGACGTTAGTTTAGGA-1","Gzmb",0
"71","MI_heart","T-Reg","Expanded","MI_heart_AGACGTTAGTTTAGGA-1","Lime1",0.693147180559945
"72","MI_heart","T-Reg","Expanded","MI_heart_AGACGTTAGTTTAGGA-1","Selenok",0
"73","MI_heart","T-Reg","Expanded","MI_heart_AGACGTTAGTTTAGGA-1","Il31ra",0
"74","MI_heart","T-Reg","Expanded","MI_heart_AGACGTTAGTTTAGGA-1","Aven",0
"75","MI_heart","T-Reg","Expanded","MI_heart_AGACGTTAGTTTAGGA-1","Cct6a",0
"76","MI_heart","T-Reg","Expanded","MI_heart_AGACGTTAGTTTAGGA-1","Ppm1h",0
"77","MI_heart","T-Reg","Expanded","MI_heart_AGACGTTAGTTTAGGA-1","Wrn",0
"78","MI_heart","T-Reg","Expanded","MI_heart_AGCTCCTTCTGGGCCA-1","Sipa1",0
"79","MI_heart","T-Reg","Expanded","MI_heart_AGCTCCTTCTGGGCCA-1","Trbc2",1.94591014905531
"80","MI_heart","T-Reg","Expanded","MI_heart_AGCTCCTTCTGGGCCA-1","Trbv29",0
"81","MI_heart","T-Reg","Expanded","MI_heart_AGCTCCTTCTGGGCCA-1","Gzmb",0
"82","MI_heart","T-Reg","Expanded","MI_heart_AGCTCCTTCTGGGCCA-1","Lime1",0
"83","MI_heart","T-Reg","Expanded","MI_heart_AGCTCCTTCTGGGCCA-1","Selenok",0
"84","MI_heart","T-Reg","Expanded","MI_heart_AGCTCCTTCTGGGCCA-1","Il31ra",0
"85","MI_heart","T-Reg","Expanded","MI_heart_AGCTCCTTCTGGGCCA-1","Aven",0
"86","MI_heart","T-Reg","Expanded","MI_heart_AGCTCCTTCTGGGCCA-1","Cct6a",0
"87","MI_heart","T-Reg","Expanded","MI_heart_AGCTCCTTCTGGGCCA-1","Ppm1h",0
"88","MI_heart","T-Reg","Expanded","MI_heart_AGCTCCTTCTGGGCCA-1","Wrn",0.693147180559945
"89","MI_heart","T-Reg","Expanded","MI_heart_ATGCGATAGCCGTCGT-1","Sipa1",0
"90","MI_heart","T-Reg","Expanded","MI_heart_ATGCGATAGCCGTCGT-1","Trbc2",0.693147180559945
"91","MI_heart","T-Reg","Expanded","MI_heart_ATGCGATAGCCGTCGT-1","Trbv29",0
"92","MI_heart","T-Reg","Expanded","MI_heart_ATGCGATAGCCGTCGT-1","Gzmb",0
"93","MI_heart","T-Reg","Expanded","MI_heart_ATGCGATAGCCGTCGT-1","Lime1",0
"94","MI_heart","T-Reg","Expanded","MI_heart_ATGCGATAGCCGTCGT-1","Selenok",1.09861228866811
"95","MI_heart","T-Reg","Expanded","MI_heart_ATGCGATAGCCGTCGT-1","Il31ra",0
"96","MI_heart","T-Reg","Expanded","MI_heart_ATGCGATAGCCGTCGT-1","Aven",0
"97","MI_heart","T-Reg","Expanded","MI_heart_ATGCGATAGCCGTCGT-1","Cct6a",0.693147180559945
"98","MI_heart","T-Reg","Expanded","MI_heart_ATGCGATAGCCGTCGT-1","Ppm1h",0
"99","MI_heart","T-Reg","Expanded","MI_heart_ATGCGATAGCCGTCGT-1","Wrn",0
"100","MI_heart","T-Reg","Expanded","MI_heart_CAACCAACAAACCCAT-1","Sipa1",0
"101","MI_heart","T-Reg","Expanded","MI_heart_CAACCAACAAACCCAT-1","Trbc2",1.09861228866811
"102","MI_heart","T-Reg","Expanded","MI_heart_CAACCAACAAACCCAT-1","Trbv29",0
"103","MI_heart","T-Reg","Expanded","MI_heart_CAACCAACAAACCCAT-1","Gzmb",0
"104","MI_heart","T-Reg","Expanded","MI_heart_CAACCAACAAACCCAT-1","Lime1",0
"105","MI_heart","T-Reg","Expanded","MI_heart_CAACCAACAAACCCAT-1","Selenok",0
"106","MI_heart","T-Reg","Expanded","MI_heart_CAACCAACAAACCCAT-1","Il31ra",0
"107","MI_heart","T-Reg","Expanded","MI_heart_CAACCAACAAACCCAT-1","Aven",0
"108","MI_heart","T-Reg","Expanded","MI_heart_CAACCAACAAACCCAT-1","Cct6a",0
"109","MI_heart","T-Reg","Expanded","MI_heart_CAACCAACAAACCCAT-1","Ppm1h",0
"110","MI_heart","T-Reg","Expanded","MI_heart_CAACCAACAAACCCAT-1","Wrn",0
"111","MI_heart","T-Reg","Expanded","MI_heart_CATCCACAGTTTCCTT-1","Sipa1",0
"112","MI_heart","T-Reg","Expanded","MI_heart_CATCCACAGTTTCCTT-1","Trbc2",0
"113","MI_heart","T-Reg","Expanded","MI_heart_CATCCACAGTTTCCTT-1","Trbv29",0
"114","MI_heart","T-Reg","Expanded","MI_heart_CATCCACAGTTTCCTT-1","Gzmb",0
"115","MI_heart","T-Reg","Expanded","MI_heart_CATCCACAGTTTCCTT-1","Lime1",0
"116","MI_heart","T-Reg","Expanded","MI_heart_CATCCACAGTTTCCTT-1","Selenok",1.09861228866811
"117","MI_heart","T-Reg","Expanded","MI_heart_CATCCACAGTTTCCTT-1","Il31ra",0
"118","MI_heart","T-Reg","Expanded","MI_heart_CATCCACAGTTTCCTT-1","Aven",0
"119","MI_heart","T-Reg","Expanded","MI_heart_CATCCACAGTTTCCTT-1","Cct6a",1.09861228866811
"120","MI_heart","T-Reg","Expanded","MI_heart_CATCCACAGTTTCCTT-1","Ppm1h",0
"121","MI_heart","T-Reg","Expanded","MI_heart_CATCCACAGTTTCCTT-1","Wrn",0
"122","MI_heart","T-Reg","Expanded","MI_heart_CATGGCGAGTCGAGTG-1","Sipa1",0
"123","MI_heart","T-Reg","Expanded","MI_heart_CATGGCGAGTCGAGTG-1","Trbc2",0
"124","MI_heart","T-Reg","Expanded","MI_heart_CATGGCGAGTCGAGTG-1","Trbv29",0
"125","MI_heart","T-Reg","Expanded","MI_heart_CATGGCGAGTCGAGTG-1","Gzmb",0
"126","MI_heart","T-Reg","Expanded","MI_heart_CATGGCGAGTCGAGTG-1","Lime1",0
"127","MI_heart","T-Reg","Expanded","MI_heart_CATGGCGAGTCGAGTG-1","Selenok",0.693147180559945
"128","MI_heart","T-Reg","Expanded","MI_heart_CATGGCGAGTCGAGTG-1","Il31ra",0.693147180559945
"129","MI_heart","T-Reg","Expanded","MI_heart_CATGGCGAGTCGAGTG-1","Aven",0
"130","MI_heart","T-Reg","Expanded","MI_heart_CATGGCGAGTCGAGTG-1","Cct6a",0
"131","MI_heart","T-Reg","Expanded","MI_heart_CATGGCGAGTCGAGTG-1","Ppm1h",0
"132","MI_heart","T-Reg","Expanded","MI_heart_CATGGCGAGTCGAGTG-1","Wrn",0
"133","MI_heart","T-Reg","Expanded","MI_heart_CCATGTCCAACACCCG-1","Sipa1",0.693147180559945
"134","MI_heart","T-Reg","Expanded","MI_heart_CCATGTCCAACACCCG-1","Trbc2",0.693147180559945
"135","MI_heart","T-Reg","Expanded","MI_heart_CCATGTCCAACACCCG-1","Trbv29",0
"136","MI_heart","T-Reg","Expanded","MI_heart_CCATGTCCAACACCCG-1","Gzmb",0
"137","MI_heart","T-Reg","Expanded","MI_heart_CCATGTCCAACACCCG-1","Lime1",0
"138","MI_heart","T-Reg","Expanded","MI_heart_CCATGTCCAACACCCG-1","Selenok",0.693147180559945
"139","MI_heart","T-Reg","Expanded","MI_heart_CCATGTCCAACACCCG-1","Il31ra",0.693147180559945
"140","MI_heart","T-Reg","Expanded","MI_heart_CCATGTCCAACACCCG-1","Aven",0
"141","MI_heart","T-Reg","Expanded","MI_heart_CCATGTCCAACACCCG-1","Cct6a",0
"142","MI_heart","T-Reg","Expanded","MI_heart_CCATGTCCAACACCCG-1","Ppm1h",0
"143","MI_heart","T-Reg","Expanded","MI_heart_CCATGTCCAACACCCG-1","Wrn",0
"144","MI_heart","T-Reg","Expanded","MI_heart_CCGTTCATCGGCTTGG-1","Sipa1",0
"145","MI_heart","T-Reg","Expanded","MI_heart_CCGTTCATCGGCTTGG-1","Trbc2",0
"146","MI_heart","T-Reg","Expanded","MI_heart_CCGTTCATCGGCTTGG-1","Trbv29",0
"147","MI_heart","T-Reg","Expanded","MI_heart_CCGTTCATCGGCTTGG-1","Gzmb",0.693147180559945
"148","MI_heart","T-Reg","Expanded","MI_heart_CCGTTCATCGGCTTGG-1","Lime1",0
"149","MI_heart","T-Reg","Expanded","MI_heart_CCGTTCATCGGCTTGG-1","Selenok",0
"150","MI_heart","T-Reg","Expanded","MI_heart_CCGTTCATCGGCTTGG-1","Il31ra",0
"151","MI_heart","T-Reg","Expanded","MI_heart_CCGTTCATCGGCTTGG-1","Aven",0
"152","MI_heart","T-Reg","Expanded","MI_heart_CCGTTCATCGGCTTGG-1","Cct6a",0
"153","MI_heart","T-Reg","Expanded","MI_heart_CCGTTCATCGGCTTGG-1","Ppm1h",0
"154","MI_heart","T-Reg","Expanded","MI_heart_CCGTTCATCGGCTTGG-1","Wrn",0
"155","MI_heart","T-Reg","Expanded","MI_heart_CGATTGAAGGTGTGGT-1","Sipa1",0
"156","MI_heart","T-Reg","Expanded","MI_heart_CGATTGAAGGTGTGGT-1","Trbc2",0.693147180559945
"157","MI_heart","T-Reg","Expanded","MI_heart_CGATTGAAGGTGTGGT-1","Trbv29",0
"158","MI_heart","T-Reg","Expanded","MI_heart_CGATTGAAGGTGTGGT-1","Gzmb",0
"159","MI_heart","T-Reg","Expanded","MI_heart_CGATTGAAGGTGTGGT-1","Lime1",0.693147180559945
"160","MI_heart","T-Reg","Expanded","MI_heart_CGATTGAAGGTGTGGT-1","Selenok",0.693147180559945
"161","MI_heart","T-Reg","Expanded","MI_heart_CGATTGAAGGTGTGGT-1","Il31ra",0
"162","MI_heart","T-Reg","Expanded","MI_heart_CGATTGAAGGTGTGGT-1","Aven",0
"163","MI_heart","T-Reg","Expanded","MI_heart_CGATTGAAGGTGTGGT-1","Cct6a",0
"164","MI_heart","T-Reg","Expanded","MI_heart_CGATTGAAGGTGTGGT-1","Ppm1h",0
"165","MI_heart","T-Reg","Expanded","MI_heart_CGATTGAAGGTGTGGT-1","Wrn",0
"166","MI_heart","T-Reg","Expanded","MI_heart_CGGAGTCCATAAGACA-1","Sipa1",0
"167","MI_heart","T-Reg","Expanded","MI_heart_CGGAGTCCATAAGACA-1","Trbc2",1.38629436111989
"168","MI_heart","T-Reg","Expanded","MI_heart_CGGAGTCCATAAGACA-1","Trbv29",0
"169","MI_heart","T-Reg","Expanded","MI_heart_CGGAGTCCATAAGACA-1","Gzmb",0
"170","MI_heart","T-Reg","Expanded","MI_heart_CGGAGTCCATAAGACA-1","Lime1",0
"171","MI_heart","T-Reg","Expanded","MI_heart_CGGAGTCCATAAGACA-1","Selenok",1.38629436111989
"172","MI_heart","T-Reg","Expanded","MI_heart_CGGAGTCCATAAGACA-1","Il31ra",0
"173","MI_heart","T-Reg","Expanded","MI_heart_CGGAGTCCATAAGACA-1","Aven",1.09861228866811
"174","MI_heart","T-Reg","Expanded","MI_heart_CGGAGTCCATAAGACA-1","Cct6a",0
"175","MI_heart","T-Reg","Expanded","MI_heart_CGGAGTCCATAAGACA-1","Ppm1h",0
"176","MI_heart","T-Reg","Expanded","MI_heart_CGGAGTCCATAAGACA-1","Wrn",0
"177","MI_heart","T-Reg","Expanded","MI_heart_CGGCTAGTCCAGTATG-1","Sipa1",0
"178","MI_heart","T-Reg","Expanded","MI_heart_CGGCTAGTCCAGTATG-1","Trbc2",0
"179","MI_heart","T-Reg","Expanded","MI_heart_CGGCTAGTCCAGTATG-1","Trbv29",0
"180","MI_heart","T-Reg","Expanded","MI_heart_CGGCTAGTCCAGTATG-1","Gzmb",0
"181","MI_heart","T-Reg","Expanded","MI_heart_CGGCTAGTCCAGTATG-1","Lime1",0
"182","MI_heart","T-Reg","Expanded","MI_heart_CGGCTAGTCCAGTATG-1","Selenok",0
"183","MI_heart","T-Reg","Expanded","MI_heart_CGGCTAGTCCAGTATG-1","Il31ra",0.693147180559945
"184","MI_heart","T-Reg","Expanded","MI_heart_CGGCTAGTCCAGTATG-1","Aven",0
"185","MI_heart","T-Reg","Expanded","MI_heart_CGGCTAGTCCAGTATG-1","Cct6a",0
"186","MI_heart","T-Reg","Expanded","MI_heart_CGGCTAGTCCAGTATG-1","Ppm1h",0.693147180559945
"187","MI_heart","T-Reg","Expanded","MI_heart_CGGCTAGTCCAGTATG-1","Wrn",0
"188","MI_heart","T-Reg","Expanded","MI_heart_CGGGTCAAGTGTACCT-1","Sipa1",0
"189","MI_heart","T-Reg","Expanded","MI_heart_CGGGTCAAGTGTACCT-1","Trbc2",0
"190","MI_heart","T-Reg","Expanded","MI_heart_CGGGTCAAGTGTACCT-1","Trbv29",0
"191","MI_heart","T-Reg","Expanded","MI_heart_CGGGTCAAGTGTACCT-1","Gzmb",0
"192","MI_heart","T-Reg","Expanded","MI_heart_CGGGTCAAGTGTACCT-1","Lime1",0
"193","MI_heart","T-Reg","Expanded","MI_heart_CGGGTCAAGTGTACCT-1","Selenok",1.09861228866811
"194","MI_heart","T-Reg","Expanded","MI_heart_CGGGTCAAGTGTACCT-1","Il31ra",0.693147180559945
"195","MI_heart","T-Reg","Expanded","MI_heart_CGGGTCAAGTGTACCT-1","Aven",0
"196","MI_heart","T-Reg","Expanded","MI_heart_CGGGTCAAGTGTACCT-1","Cct6a",0
"197","MI_heart","T-Reg","Expanded","MI_heart_CGGGTCAAGTGTACCT-1","Ppm1h",0
"198","MI_heart","T-Reg","Expanded","MI_heart_CGGGTCAAGTGTACCT-1","Wrn",0
"199","MI_heart","T-Reg","Expanded","MI_heart_CTACATTAGGAGTAGA-1","Sipa1",0
"200","MI_heart","T-Reg","Expanded","MI_heart_CTACATTAGGAGTAGA-1","Trbc2",0
"201","MI_heart","T-Reg","Expanded","MI_heart_CTACATTAGGAGTAGA-1","Trbv29",0
"202","MI_heart","T-Reg","Expanded","MI_heart_CTACATTAGGAGTAGA-1","Gzmb",0
"203","MI_heart","T-Reg","Expanded","MI_heart_CTACATTAGGAGTAGA-1","Lime1",0
"204","MI_heart","T-Reg","Expanded","MI_heart_CTACATTAGGAGTAGA-1","Selenok",0
"205","MI_heart","T-Reg","Expanded","MI_heart_CTACATTAGGAGTAGA-1","Il31ra",0
"206","MI_heart","T-Reg","Expanded","MI_heart_CTACATTAGGAGTAGA-1","Aven",0
"207","MI_heart","T-Reg","Expanded","MI_heart_CTACATTAGGAGTAGA-1","Cct6a",0
"208","MI_heart","T-Reg","Expanded","MI_heart_CTACATTAGGAGTAGA-1","Ppm1h",0
"209","MI_heart","T-Reg","Expanded","MI_heart_CTACATTAGGAGTAGA-1","Wrn",0.693147180559945
"210","MI_heart","T-Reg","Expanded","MI_heart_CTACCCACATCTCCCA-1","Sipa1",0
"211","MI_heart","T-Reg","Expanded","MI_heart_CTACCCACATCTCCCA-1","Trbc2",0.693147180559945
"212","MI_heart","T-Reg","Expanded","MI_heart_CTACCCACATCTCCCA-1","Trbv29",0
"213","MI_heart","T-Reg","Expanded","MI_heart_CTACCCACATCTCCCA-1","Gzmb",0
"214","MI_heart","T-Reg","Expanded","MI_heart_CTACCCACATCTCCCA-1","Lime1",0
"215","MI_heart","T-Reg","Expanded","MI_heart_CTACCCACATCTCCCA-1","Selenok",1.09861228866811
"216","MI_heart","T-Reg","Expanded","MI_heart_CTACCCACATCTCCCA-1","Il31ra",0.693147180559945
"217","MI_heart","T-Reg","Expanded","MI_heart_CTACCCACATCTCCCA-1","Aven",0
"218","MI_heart","T-Reg","Expanded","MI_heart_CTACCCACATCTCCCA-1","Cct6a",0
"219","MI_heart","T-Reg","Expanded","MI_heart_CTACCCACATCTCCCA-1","Ppm1h",0
"220","MI_heart","T-Reg","Expanded","MI_heart_CTACCCACATCTCCCA-1","Wrn",0
"221","MI_heart","T-Reg","Expanded","MI_heart_CTAGCCTCATTCTCAT-1","Sipa1",0
"222","MI_heart","T-Reg","Expanded","MI_heart_CTAGCCTCATTCTCAT-1","Trbc2",0
"223","MI_heart","T-Reg","Expanded","MI_heart_CTAGCCTCATTCTCAT-1","Trbv29",0
"224","MI_heart","T-Reg","Expanded","MI_heart_CTAGCCTCATTCTCAT-1","Gzmb",0
"225","MI_heart","T-Reg","Expanded","MI_heart_CTAGCCTCATTCTCAT-1","Lime1",0.693147180559945
"226","MI_heart","T-Reg","Expanded","MI_heart_CTAGCCTCATTCTCAT-1","Selenok",0
"227","MI_heart","T-Reg","Expanded","MI_heart_CTAGCCTCATTCTCAT-1","Il31ra",0.693147180559945
"228","MI_heart","T-Reg","Expanded","MI_heart_CTAGCCTCATTCTCAT-1","Aven",0
"229","MI_heart","T-Reg","Expanded","MI_heart_CTAGCCTCATTCTCAT-1","Cct6a",0
"230","MI_heart","T-Reg","Expanded","MI_heart_CTAGCCTCATTCTCAT-1","Ppm1h",0
"231","MI_heart","T-Reg","Expanded","MI_heart_CTAGCCTCATTCTCAT-1","Wrn",0
"232","MI_heart","T-Reg","Expanded","MI_heart_CTGATAGCAGATGGGT-1","Sipa1",0
"233","MI_heart","T-Reg","Expanded","MI_heart_CTGATAGCAGATGGGT-1","Trbc2",0.693147180559945
"234","MI_heart","T-Reg","Expanded","MI_heart_CTGATAGCAGATGGGT-1","Trbv29",0
"235","MI_heart","T-Reg","Expanded","MI_heart_CTGATAGCAGATGGGT-1","Gzmb",0
"236","MI_heart","T-Reg","Expanded","MI_heart_CTGATAGCAGATGGGT-1","Lime1",0
"237","MI_heart","T-Reg","Expanded","MI_heart_CTGATAGCAGATGGGT-1","Selenok",1.38629436111989
"238","MI_heart","T-Reg","Expanded","MI_heart_CTGATAGCAGATGGGT-1","Il31ra",0
"239","MI_heart","T-Reg","Expanded","MI_heart_CTGATAGCAGATGGGT-1","Aven",0
"240","MI_heart","T-Reg","Expanded","MI_heart_CTGATAGCAGATGGGT-1","Cct6a",0
"241","MI_heart","T-Reg","Expanded","MI_heart_CTGATAGCAGATGGGT-1","Ppm1h",0
"242","MI_heart","T-Reg","Expanded","MI_heart_CTGATAGCAGATGGGT-1","Wrn",0
"243","MI_heart","T-Reg","Expanded","MI_heart_CTTACCGTCTGTCAAG-1","Sipa1",0
"244","MI_heart","T-Reg","Expanded","MI_heart_CTTACCGTCTGTCAAG-1","Trbc2",0
"245","MI_heart","T-Reg","Expanded","MI_heart_CTTACCGTCTGTCAAG-1","Trbv29",0
"246","MI_heart","T-Reg","Expanded","MI_heart_CTTACCGTCTGTCAAG-1","Gzmb",0
"247","MI_heart","T-Reg","Expanded","MI_heart_CTTACCGTCTGTCAAG-1","Lime1",0
"248","MI_heart","T-Reg","Expanded","MI_heart_CTTACCGTCTGTCAAG-1","Selenok",0
"249","MI_heart","T-Reg","Expanded","MI_heart_CTTACCGTCTGTCAAG-1","Il31ra",0.693147180559945
"250","MI_heart","T-Reg","Expanded","MI_heart_CTTACCGTCTGTCAAG-1","Aven",0
"251","MI_heart","T-Reg","Expanded","MI_heart_CTTACCGTCTGTCAAG-1","Cct6a",0
"252","MI_heart","T-Reg","Expanded","MI_heart_CTTACCGTCTGTCAAG-1","Ppm1h",0
"253","MI_heart","T-Reg","Expanded","MI_heart_CTTACCGTCTGTCAAG-1","Wrn",0
"254","MI_heart","T-Reg","Expanded","MI_heart_GACGGCTGTTATCGGT-1","Sipa1",0.693147180559945
"255","MI_heart","T-Reg","Expanded","MI_heart_GACGGCTGTTATCGGT-1","Trbc2",1.09861228866811
"256","MI_heart","T-Reg","Expanded","MI_heart_GACGGCTGTTATCGGT-1","Trbv29",0
"257","MI_heart","T-Reg","Expanded","MI_heart_GACGGCTGTTATCGGT-1","Gzmb",0
"258","MI_heart","T-Reg","Expanded","MI_heart_GACGGCTGTTATCGGT-1","Lime1",0
"259","MI_heart","T-Reg","Expanded","MI_heart_GACGGCTGTTATCGGT-1","Selenok",0
"260","MI_heart","T-Reg","Expanded","MI_heart_GACGGCTGTTATCGGT-1","Il31ra",0
"261","MI_heart","T-Reg","Expanded","MI_heart_GACGGCTGTTATCGGT-1","Aven",0
"262","MI_heart","T-Reg","Expanded","MI_heart_GACGGCTGTTATCGGT-1","Cct6a",0.693147180559945
"263","MI_heart","T-Reg","Expanded","MI_heart_GACGGCTGTTATCGGT-1","Ppm1h",0.693147180559945
"264","MI_heart","T-Reg","Expanded","MI_heart_GACGGCTGTTATCGGT-1","Wrn",0
"265","MI_heart","T-Reg","Expanded","MI_heart_GAGTCCGCAAAGTGCG-1","Sipa1",0
"266","MI_heart","T-Reg","Expanded","MI_heart_GAGTCCGCAAAGTGCG-1","Trbc2",0
"267","MI_heart","T-Reg","Expanded","MI_heart_GAGTCCGCAAAGTGCG-1","Trbv29",0
"268","MI_heart","T-Reg","Expanded","MI_heart_GAGTCCGCAAAGTGCG-1","Gzmb",0
"269","MI_heart","T-Reg","Expanded","MI_heart_GAGTCCGCAAAGTGCG-1","Lime1",0
"270","MI_heart","T-Reg","Expanded","MI_heart_GAGTCCGCAAAGTGCG-1","Selenok",0.693147180559945
"271","MI_heart","T-Reg","Expanded","MI_heart_GAGTCCGCAAAGTGCG-1","Il31ra",0
"272","MI_heart","T-Reg","Expanded","MI_heart_GAGTCCGCAAAGTGCG-1","Aven",0
"273","MI_heart","T-Reg","Expanded","MI_heart_GAGTCCGCAAAGTGCG-1","Cct6a",0
"274","MI_heart","T-Reg","Expanded","MI_heart_GAGTCCGCAAAGTGCG-1","Ppm1h",0.693147180559945
"275","MI_heart","T-Reg","Expanded","MI_heart_GAGTCCGCAAAGTGCG-1","Wrn",0
"276","MI_heart","T-Reg","Expanded","MI_heart_GCACTCTAGTACGCCC-1","Sipa1",0
"277","MI_heart","T-Reg","Expanded","MI_heart_GCACTCTAGTACGCCC-1","Trbc2",1.09861228866811
"278","MI_heart","T-Reg","Expanded","MI_heart_GCACTCTAGTACGCCC-1","Trbv29",0
"279","MI_heart","T-Reg","Expanded","MI_heart_GCACTCTAGTACGCCC-1","Gzmb",0
"280","MI_heart","T-Reg","Expanded","MI_heart_GCACTCTAGTACGCCC-1","Lime1",0.693147180559945
"281","MI_heart","T-Reg","Expanded","MI_heart_GCACTCTAGTACGCCC-1","Selenok",0
"282","MI_heart","T-Reg","Expanded","MI_heart_GCACTCTAGTACGCCC-1","Il31ra",0
"283","MI_heart","T-Reg","Expanded","MI_heart_GCACTCTAGTACGCCC-1","Aven",0
"284","MI_heart","T-Reg","Expanded","MI_heart_GCACTCTAGTACGCCC-1","Cct6a",1.38629436111989
"285","MI_heart","T-Reg","Expanded","MI_heart_GCACTCTAGTACGCCC-1","Ppm1h",0
"286","MI_heart","T-Reg","Expanded","MI_heart_GCACTCTAGTACGCCC-1","Wrn",0
"287","MI_heart","T-Reg","Expanded","MI_heart_GCGACCAAGACAGAGA-1","Sipa1",0
"288","MI_heart","T-Reg","Expanded","MI_heart_GCGACCAAGACAGAGA-1","Trbc2",1.09861228866811
"289","MI_heart","T-Reg","Expanded","MI_heart_GCGACCAAGACAGAGA-1","Trbv29",0
"290","MI_heart","T-Reg","Expanded","MI_heart_GCGACCAAGACAGAGA-1","Gzmb",1.09861228866811
"291","MI_heart","T-Reg","Expanded","MI_heart_GCGACCAAGACAGAGA-1","Lime1",0
"292","MI_heart","T-Reg","Expanded","MI_heart_GCGACCAAGACAGAGA-1","Selenok",0
"293","MI_heart","T-Reg","Expanded","MI_heart_GCGACCAAGACAGAGA-1","Il31ra",0.693147180559945
"294","MI_heart","T-Reg","Expanded","MI_heart_GCGACCAAGACAGAGA-1","Aven",0
"295","MI_heart","T-Reg","Expanded","MI_heart_GCGACCAAGACAGAGA-1","Cct6a",0
"296","MI_heart","T-Reg","Expanded","MI_heart_GCGACCAAGACAGAGA-1","Ppm1h",0
"297","MI_heart","T-Reg","Expanded","MI_heart_GCGACCAAGACAGAGA-1","Wrn",0
"298","MI_heart","T-Reg","Expanded","MI_heart_GCGAGAATCCACGACG-1","Sipa1",0
"299","MI_heart","T-Reg","Expanded","MI_heart_GCGAGAATCCACGACG-1","Trbc2",0
"300","MI_heart","T-Reg","Expanded","MI_heart_GCGAGAATCCACGACG-1","Trbv29",0
"301","MI_heart","T-Reg","Expanded","MI_heart_GCGAGAATCCACGACG-1","Gzmb",0
"302","MI_heart","T-Reg","Expanded","MI_heart_GCGAGAATCCACGACG-1","Lime1",0
"303","MI_heart","T-Reg","Expanded","MI_heart_GCGAGAATCCACGACG-1","Selenok",0.693147180559945
"304","MI_heart","T-Reg","Expanded","MI_heart_GCGAGAATCCACGACG-1","Il31ra",0
"305","MI_heart","T-Reg","Expanded","MI_heart_GCGAGAATCCACGACG-1","Aven",0
"306","MI_heart","T-Reg","Expanded","MI_heart_GCGAGAATCCACGACG-1","Cct6a",0
"307","MI_heart","T-Reg","Expanded","MI_heart_GCGAGAATCCACGACG-1","Ppm1h",0
"308","MI_heart","T-Reg","Expanded","MI_heart_GCGAGAATCCACGACG-1","Wrn",0
"309","MI_heart","T-Reg","Expanded","MI_heart_GGATTACCAGAGTGTG-1","Sipa1",0
"310","MI_heart","T-Reg","Expanded","MI_heart_GGATTACCAGAGTGTG-1","Trbc2",1.6094379124341
"311","MI_heart","T-Reg","Expanded","MI_heart_GGATTACCAGAGTGTG-1","Trbv29",0
"312","MI_heart","T-Reg","Expanded","MI_heart_GGATTACCAGAGTGTG-1","Gzmb",0
"313","MI_heart","T-Reg","Expanded","MI_heart_GGATTACCAGAGTGTG-1","Lime1",0
"314","MI_heart","T-Reg","Expanded","MI_heart_GGATTACCAGAGTGTG-1","Selenok",1.09861228866811
"315","MI_heart","T-Reg","Expanded","MI_heart_GGATTACCAGAGTGTG-1","Il31ra",0
"316","MI_heart","T-Reg","Expanded","MI_heart_GGATTACCAGAGTGTG-1","Aven",0
"317","MI_heart","T-Reg","Expanded","MI_heart_GGATTACCAGAGTGTG-1","Cct6a",0
"318","MI_heart","T-Reg","Expanded","MI_heart_GGATTACCAGAGTGTG-1","Ppm1h",0
"319","MI_heart","T-Reg","Expanded","MI_heart_GGATTACCAGAGTGTG-1","Wrn",0
"320","MI_heart","T-Reg","Expanded","MI_heart_GGGAGATGTGAAAGAG-1","Sipa1",0
"321","MI_heart","T-Reg","Expanded","MI_heart_GGGAGATGTGAAAGAG-1","Trbc2",1.09861228866811
"322","MI_heart","T-Reg","Expanded","MI_heart_GGGAGATGTGAAAGAG-1","Trbv29",0
"323","MI_heart","T-Reg","Expanded","MI_heart_GGGAGATGTGAAAGAG-1","Gzmb",0
"324","MI_heart","T-Reg","Expanded","MI_heart_GGGAGATGTGAAAGAG-1","Lime1",0
"325","MI_heart","T-Reg","Expanded","MI_heart_GGGAGATGTGAAAGAG-1","Selenok",0.693147180559945
"326","MI_heart","T-Reg","Expanded","MI_heart_GGGAGATGTGAAAGAG-1","Il31ra",1.09861228866811
"327","MI_heart","T-Reg","Expanded","MI_heart_GGGAGATGTGAAAGAG-1","Aven",0
"328","MI_heart","T-Reg","Expanded","MI_heart_GGGAGATGTGAAAGAG-1","Cct6a",0
"329","MI_heart","T-Reg","Expanded","MI_heart_GGGAGATGTGAAAGAG-1","Ppm1h",0
"330","MI_heart","T-Reg","Expanded","MI_heart_GGGAGATGTGAAAGAG-1","Wrn",0
"331","MI_heart","T-Reg","Expanded","MI_heart_GGGATGATCGCAAGCC-1","Sipa1",0
"332","MI_heart","T-Reg","Expanded","MI_heart_GGGATGATCGCAAGCC-1","Trbc2",1.09861228866811
"333","MI_heart","T-Reg","Expanded","MI_heart_GGGATGATCGCAAGCC-1","Trbv29",0
"334","MI_heart","T-Reg","Expanded","MI_heart_GGGATGATCGCAAGCC-1","Gzmb",0
"335","MI_heart","T-Reg","Expanded","MI_heart_GGGATGATCGCAAGCC-1","Lime1",0
"336","MI_heart","T-Reg","Expanded","MI_heart_GGGATGATCGCAAGCC-1","Selenok",0.693147180559945
"337","MI_heart","T-Reg","Expanded","MI_heart_GGGATGATCGCAAGCC-1","Il31ra",0
"338","MI_heart","T-Reg","Expanded","MI_heart_GGGATGATCGCAAGCC-1","Aven",0
"339","MI_heart","T-Reg","Expanded","MI_heart_GGGATGATCGCAAGCC-1","Cct6a",0
"340","MI_heart","T-Reg","Expanded","MI_heart_GGGATGATCGCAAGCC-1","Ppm1h",0
"341","MI_heart","T-Reg","Expanded","MI_heart_GGGATGATCGCAAGCC-1","Wrn",0
"342","MI_heart","T-Reg","Expanded","MI_heart_GTCACAATCCTTTCGG-1","Sipa1",0
"343","MI_heart","T-Reg","Expanded","MI_heart_GTCACAATCCTTTCGG-1","Trbc2",1.38629436111989
"344","MI_heart","T-Reg","Expanded","MI_heart_GTCACAATCCTTTCGG-1","Trbv29",0
"345","MI_heart","T-Reg","Expanded","MI_heart_GTCACAATCCTTTCGG-1","Gzmb",0
"346","MI_heart","T-Reg","Expanded","MI_heart_GTCACAATCCTTTCGG-1","Lime1",0
"347","MI_heart","T-Reg","Expanded","MI_heart_GTCACAATCCTTTCGG-1","Selenok",0
"348","MI_heart","T-Reg","Expanded","MI_heart_GTCACAATCCTTTCGG-1","Il31ra",1.09861228866811
"349","MI_heart","T-Reg","Expanded","MI_heart_GTCACAATCCTTTCGG-1","Aven",0
"350","MI_heart","T-Reg","Expanded","MI_heart_GTCACAATCCTTTCGG-1","Cct6a",0
"351","MI_heart","T-Reg","Expanded","MI_heart_GTCACAATCCTTTCGG-1","Ppm1h",0
"352","MI_heart","T-Reg","Expanded","MI_heart_GTCACAATCCTTTCGG-1","Wrn",0
"353","MI_heart","T-Reg","Expanded","MI_heart_GTCACGGAGAGTCGGT-1","Sipa1",0
"354","MI_heart","T-Reg","Expanded","MI_heart_GTCACGGAGAGTCGGT-1","Trbc2",1.09861228866811
"355","MI_heart","T-Reg","Expanded","MI_heart_GTCACGGAGAGTCGGT-1","Trbv29",0
"356","MI_heart","T-Reg","Expanded","MI_heart_GTCACGGAGAGTCGGT-1","Gzmb",0
"357","MI_heart","T-Reg","Expanded","MI_heart_GTCACGGAGAGTCGGT-1","Lime1",0
"358","MI_heart","T-Reg","Expanded","MI_heart_GTCACGGAGAGTCGGT-1","Selenok",0.693147180559945
"359","MI_heart","T-Reg","Expanded","MI_heart_GTCACGGAGAGTCGGT-1","Il31ra",0.693147180559945
"360","MI_heart","T-Reg","Expanded","MI_heart_GTCACGGAGAGTCGGT-1","Aven",0
"361","MI_heart","T-Reg","Expanded","MI_heart_GTCACGGAGAGTCGGT-1","Cct6a",0
"362","MI_heart","T-Reg","Expanded","MI_heart_GTCACGGAGAGTCGGT-1","Ppm1h",0
"363","MI_heart","T-Reg","Expanded","MI_heart_GTCACGGAGAGTCGGT-1","Wrn",0
"364","MI_heart","T-Reg","Expanded","MI_heart_GTCTCGTCAAGGGTCA-1","Sipa1",0
"365","MI_heart","T-Reg","Expanded","MI_heart_GTCTCGTCAAGGGTCA-1","Trbc2",0.693147180559945
"366","MI_heart","T-Reg","Expanded","MI_heart_GTCTCGTCAAGGGTCA-1","Trbv29",0
"367","MI_heart","T-Reg","Expanded","MI_heart_GTCTCGTCAAGGGTCA-1","Gzmb",0
"368","MI_heart","T-Reg","Expanded","MI_heart_GTCTCGTCAAGGGTCA-1","Lime1",0
"369","MI_heart","T-Reg","Expanded","MI_heart_GTCTCGTCAAGGGTCA-1","Selenok",0
"370","MI_heart","T-Reg","Expanded","MI_heart_GTCTCGTCAAGGGTCA-1","Il31ra",0.693147180559945
"371","MI_heart","T-Reg","Expanded","MI_heart_GTCTCGTCAAGGGTCA-1","Aven",0
"372","MI_heart","T-Reg","Expanded","MI_heart_GTCTCGTCAAGGGTCA-1","Cct6a",0
"373","MI_heart","T-Reg","Expanded","MI_heart_GTCTCGTCAAGGGTCA-1","Ppm1h",0
"374","MI_heart","T-Reg","Expanded","MI_heart_GTCTCGTCAAGGGTCA-1","Wrn",0
"375","MI_heart","T-Reg","Expanded","MI_heart_GTGTGCGGTTTGTTGG-1","Sipa1",0
"376","MI_heart","T-Reg","Expanded","MI_heart_GTGTGCGGTTTGTTGG-1","Trbc2",0
"377","MI_heart","T-Reg","Expanded","MI_heart_GTGTGCGGTTTGTTGG-1","Trbv29",0
"378","MI_heart","T-Reg","Expanded","MI_heart_GTGTGCGGTTTGTTGG-1","Gzmb",0
"379","MI_heart","T-Reg","Expanded","MI_heart_GTGTGCGGTTTGTTGG-1","Lime1",0
"380","MI_heart","T-Reg","Expanded","MI_heart_GTGTGCGGTTTGTTGG-1","Selenok",0
"381","MI_heart","T-Reg","Expanded","MI_heart_GTGTGCGGTTTGTTGG-1","Il31ra",0
"382","MI_heart","T-Reg","Expanded","MI_heart_GTGTGCGGTTTGTTGG-1","Aven",0
"383","MI_heart","T-Reg","Expanded","MI_heart_GTGTGCGGTTTGTTGG-1","Cct6a",0
"384","MI_heart","T-Reg","Expanded","MI_heart_GTGTGCGGTTTGTTGG-1","Ppm1h",0
"385","MI_heart","T-Reg","Expanded","MI_heart_GTGTGCGGTTTGTTGG-1","Wrn",0
"386","MI_heart","T-Reg","Expanded","MI_heart_GTTACAGAGAGGTAGA-1","Sipa1",0.693147180559945
"387","MI_heart","T-Reg","Expanded","MI_heart_GTTACAGAGAGGTAGA-1","Trbc2",1.09861228866811
"388","MI_heart","T-Reg","Expanded","MI_heart_GTTACAGAGAGGTAGA-1","Trbv29",0
"389","MI_heart","T-Reg","Expanded","MI_heart_GTTACAGAGAGGTAGA-1","Gzmb",0
"390","MI_heart","T-Reg","Expanded","MI_heart_GTTACAGAGAGGTAGA-1","Lime1",0
"391","MI_heart","T-Reg","Expanded","MI_heart_GTTACAGAGAGGTAGA-1","Selenok",1.09861228866811
"392","MI_heart","T-Reg","Expanded","MI_heart_GTTACAGAGAGGTAGA-1","Il31ra",0
"393","MI_heart","T-Reg","Expanded","MI_heart_GTTACAGAGAGGTAGA-1","Aven",0
"394","MI_heart","T-Reg","Expanded","MI_heart_GTTACAGAGAGGTAGA-1","Cct6a",0
"395","MI_heart","T-Reg","Expanded","MI_heart_GTTACAGAGAGGTAGA-1","Ppm1h",0
"396","MI_heart","T-Reg","Expanded","MI_heart_GTTACAGAGAGGTAGA-1","Wrn",0
"397","MI_heart","T-Reg","Expanded","MI_heart_TCAACGAAGTGCCATT-1","Sipa1",0
"398","MI_heart","T-Reg","Expanded","MI_heart_TCAACGAAGTGCCATT-1","Trbc2",0
"399","MI_heart","T-Reg","Expanded","MI_heart_TCAACGAAGTGCCATT-1","Trbv29",0
"400","MI_heart","T-Reg","Expanded","MI_heart_TCAACGAAGTGCCATT-1","Gzmb",0
"401","MI_heart","T-Reg","Expanded","MI_heart_TCAACGAAGTGCCATT-1","Lime1",0
"402","MI_heart","T-Reg","Expanded","MI_heart_TCAACGAAGTGCCATT-1","Selenok",0
"403","MI_heart","T-Reg","Expanded","MI_heart_TCAACGAAGTGCCATT-1","Il31ra",0
"404","MI_heart","T-Reg","Expanded","MI_heart_TCAACGAAGTGCCATT-1","Aven",0
"405","MI_heart","T-Reg","Expanded","MI_heart_TCAACGAAGTGCCATT-1","Cct6a",0.693147180559945
"406","MI_heart","T-Reg","Expanded","MI_heart_TCAACGAAGTGCCATT-1","Ppm1h",0
"407","MI_heart","T-Reg","Expanded","MI_heart_TCAACGAAGTGCCATT-1","Wrn",0
"408","MI_heart","T-Reg","Expanded","MI_heart_TGGCCAGGTAGGCATG-1","Sipa1",0
"409","MI_heart","T-Reg","Expanded","MI_heart_TGGCCAGGTAGGCATG-1","Trbc2",1.09861228866811
"410","MI_heart","T-Reg","Expanded","MI_heart_TGGCCAGGTAGGCATG-1","Trbv29",0
"411","MI_heart","T-Reg","Expanded","MI_heart_TGGCCAGGTAGGCATG-1","Gzmb",0
"412","MI_heart","T-Reg","Expanded","MI_heart_TGGCCAGGTAGGCATG-1","Lime1",0
"413","MI_heart","T-Reg","Expanded","MI_heart_TGGCCAGGTAGGCATG-1","Selenok",0.693147180559945
"414","MI_heart","T-Reg","Expanded","MI_heart_TGGCCAGGTAGGCATG-1","Il31ra",0
"415","MI_heart","T-Reg","Expanded","MI_heart_TGGCCAGGTAGGCATG-1","Aven",0
"416","MI_heart","T-Reg","Expanded","MI_heart_TGGCCAGGTAGGCATG-1","Cct6a",0
"417","MI_heart","T-Reg","Expanded","MI_heart_TGGCCAGGTAGGCATG-1","Ppm1h",0
"418","MI_heart","T-Reg","Expanded","MI_heart_TGGCCAGGTAGGCATG-1","Wrn",0
"419","MI_heart","T-Reg","Expanded","MI_heart_TGTTCCGCACCGATAT-1","Sipa1",0
"420","MI_heart","T-Reg","Expanded","MI_heart_TGTTCCGCACCGATAT-1","Trbc2",0.693147180559945
"421","MI_heart","T-Reg","Expanded","MI_heart_TGTTCCGCACCGATAT-1","Trbv29",0
"422","MI_heart","T-Reg","Expanded","MI_heart_TGTTCCGCACCGATAT-1","Gzmb",0
"423","MI_heart","T-Reg","Expanded","MI_heart_TGTTCCGCACCGATAT-1","Lime1",0
"424","MI_heart","T-Reg","Expanded","MI_heart_TGTTCCGCACCGATAT-1","Selenok",0
"425","MI_heart","T-Reg","Expanded","MI_heart_TGTTCCGCACCGATAT-1","Il31ra",0.693147180559945
"426","MI_heart","T-Reg","Expanded","MI_heart_TGTTCCGCACCGATAT-1","Aven",0
"427","MI_heart","T-Reg","Expanded","MI_heart_TGTTCCGCACCGATAT-1","Cct6a",0
"428","MI_heart","T-Reg","Expanded","MI_heart_TGTTCCGCACCGATAT-1","Ppm1h",0
"429","MI_heart","T-Reg","Expanded","MI_heart_TGTTCCGCACCGATAT-1","Wrn",0
"430","MI_heart","T-Reg","Expanded","MI_heart_TTCGGTCTCGGCGCTA-1","Sipa1",0
"431","MI_heart","T-Reg","Expanded","MI_heart_TTCGGTCTCGGCGCTA-1","Trbc2",0
"432","MI_heart","T-Reg","Expanded","MI_heart_TTCGGTCTCGGCGCTA-1","Trbv29",0
"433","MI_heart","T-Reg","Expanded","MI_heart_TTCGGTCTCGGCGCTA-1","Gzmb",0
"434","MI_heart","T-Reg","Expanded","MI_heart_TTCGGTCTCGGCGCTA-1","Lime1",0
"435","MI_heart","T-Reg","Expanded","MI_heart_TTCGGTCTCGGCGCTA-1","Selenok",0
"436","MI_heart","T-Reg","Expanded","MI_heart_TTCGGTCTCGGCGCTA-1","Il31ra",0
"437","MI_heart","T-Reg","Expanded","MI_heart_TTCGGTCTCGGCGCTA-1","Aven",0
"438","MI_heart","T-Reg","Expanded","MI_heart_TTCGGTCTCGGCGCTA-1","Cct6a",0
"439","MI_heart","T-Reg","Expanded","MI_heart_TTCGGTCTCGGCGCTA-1","Ppm1h",0
"440","MI_heart","T-Reg","Expanded","MI_heart_TTCGGTCTCGGCGCTA-1","Wrn",0
"441","MI_heart","T-Reg","Expanded","MI_heart_TTCTCCTCATTTGCCC-1","Sipa1",0
"442","MI_heart","T-Reg","Expanded","MI_heart_TTCTCCTCATTTGCCC-1","Trbc2",1.38629436111989
"443","MI_heart","T-Reg","Expanded","MI_heart_TTCTCCTCATTTGCCC-1","Trbv29",0
"444","MI_heart","T-Reg","Expanded","MI_heart_TTCTCCTCATTTGCCC-1","Gzmb",0.693147180559945
"445","MI_heart","T-Reg","Expanded","MI_heart_TTCTCCTCATTTGCCC-1","Lime1",0
"446","MI_heart","T-Reg","Expanded","MI_heart_TTCTCCTCATTTGCCC-1","Selenok",0.693147180559945
"447","MI_heart","T-Reg","Expanded","MI_heart_TTCTCCTCATTTGCCC-1","Il31ra",0.693147180559945
"448","MI_heart","T-Reg","Expanded","MI_heart_TTCTCCTCATTTGCCC-1","Aven",0.693147180559945
"449","MI_heart","T-Reg","Expanded","MI_heart_TTCTCCTCATTTGCCC-1","Cct6a",0
"450","MI_heart","T-Reg","Expanded","MI_heart_TTCTCCTCATTTGCCC-1","Ppm1h",0
"451","MI_heart","T-Reg","Expanded","MI_heart_TTCTCCTCATTTGCCC-1","Wrn",0
"452","iCDC_heart","T-Reg","Expanded","iCDC_heart_AGCATACTCTGCTGTC-1","Sipa1",0
"453","iCDC_heart","T-Reg","Expanded","iCDC_heart_AGCATACTCTGCTGTC-1","Trbc2",1.09861228866811
"454","iCDC_heart","T-Reg","Expanded","iCDC_heart_AGCATACTCTGCTGTC-1","Trbv29",0
"455","iCDC_heart","T-Reg","Expanded","iCDC_heart_AGCATACTCTGCTGTC-1","Gzmb",0
"456","iCDC_heart","T-Reg","Expanded","iCDC_heart_AGCATACTCTGCTGTC-1","Lime1",0.693147180559945
"457","iCDC_heart","T-Reg","Expanded","iCDC_heart_AGCATACTCTGCTGTC-1","Selenok",0.693147180559945
"458","iCDC_heart","T-Reg","Expanded","iCDC_heart_AGCATACTCTGCTGTC-1","Il31ra",0.693147180559945
"459","iCDC_heart","T-Reg","Expanded","iCDC_heart_AGCATACTCTGCTGTC-1","Aven",0.693147180559945
"460","iCDC_heart","T-Reg","Expanded","iCDC_heart_AGCATACTCTGCTGTC-1","Cct6a",0.693147180559945
"461","iCDC_heart","T-Reg","Expanded","iCDC_heart_AGCATACTCTGCTGTC-1","Ppm1h",0
"462","iCDC_heart","T-Reg","Expanded","iCDC_heart_AGCATACTCTGCTGTC-1","Wrn",0.693147180559945
"463","iCDC_heart","T-Reg","Expanded","iCDC_heart_AGTTGGTCACGGATAG-1","Sipa1",0.693147180559945
"464","iCDC_heart","T-Reg","Expanded","iCDC_heart_AGTTGGTCACGGATAG-1","Trbc2",1.38629436111989
"465","iCDC_heart","T-Reg","Expanded","iCDC_heart_AGTTGGTCACGGATAG-1","Trbv29",0
"466","iCDC_heart","T-Reg","Expanded","iCDC_heart_AGTTGGTCACGGATAG-1","Gzmb",0
"467","iCDC_heart","T-Reg","Expanded","iCDC_heart_AGTTGGTCACGGATAG-1","Lime1",0.693147180559945
"468","iCDC_heart","T-Reg","Expanded","iCDC_heart_AGTTGGTCACGGATAG-1","Selenok",1.09861228866811
"469","iCDC_heart","T-Reg","Expanded","iCDC_heart_AGTTGGTCACGGATAG-1","Il31ra",0
"470","iCDC_heart","T-Reg","Expanded","iCDC_heart_AGTTGGTCACGGATAG-1","Aven",0.693147180559945
"471","iCDC_heart","T-Reg","Expanded","iCDC_heart_AGTTGGTCACGGATAG-1","Cct6a",2.07944154167984
"472","iCDC_heart","T-Reg","Expanded","iCDC_heart_AGTTGGTCACGGATAG-1","Ppm1h",0.693147180559945
"473","iCDC_heart","T-Reg","Expanded","iCDC_heart_AGTTGGTCACGGATAG-1","Wrn",0.693147180559945
"474","iCDC_heart","T-Reg","Expanded","iCDC_heart_CAAGATCTCTCAAGTG-1","Sipa1",0
"475","iCDC_heart","T-Reg","Expanded","iCDC_heart_CAAGATCTCTCAAGTG-1","Trbc2",0.693147180559945
"476","iCDC_heart","T-Reg","Expanded","iCDC_heart_CAAGATCTCTCAAGTG-1","Trbv29",0
"477","iCDC_heart","T-Reg","Expanded","iCDC_heart_CAAGATCTCTCAAGTG-1","Gzmb",1.09861228866811
"478","iCDC_heart","T-Reg","Expanded","iCDC_heart_CAAGATCTCTCAAGTG-1","Lime1",1.09861228866811
"479","iCDC_heart","T-Reg","Expanded","iCDC_heart_CAAGATCTCTCAAGTG-1","Selenok",0.693147180559945
"480","iCDC_heart","T-Reg","Expanded","iCDC_heart_CAAGATCTCTCAAGTG-1","Il31ra",1.94591014905531
"481","iCDC_heart","T-Reg","Expanded","iCDC_heart_CAAGATCTCTCAAGTG-1","Aven",0.693147180559945
"482","iCDC_heart","T-Reg","Expanded","iCDC_heart_CAAGATCTCTCAAGTG-1","Cct6a",0
"483","iCDC_heart","T-Reg","Expanded","iCDC_heart_CAAGATCTCTCAAGTG-1","Ppm1h",0
"484","iCDC_heart","T-Reg","Expanded","iCDC_heart_CAAGATCTCTCAAGTG-1","Wrn",0
"485","iCDC_heart","T-Reg","Expanded","iCDC_heart_CGTAGGCGTTGATTGC-1","Sipa1",0
"486","iCDC_heart","T-Reg","Expanded","iCDC_heart_CGTAGGCGTTGATTGC-1","Trbc2",0.693147180559945
"487","iCDC_heart","T-Reg","Expanded","iCDC_heart_CGTAGGCGTTGATTGC-1","Trbv29",0
"488","iCDC_heart","T-Reg","Expanded","iCDC_heart_CGTAGGCGTTGATTGC-1","Gzmb",0
"489","iCDC_heart","T-Reg","Expanded","iCDC_heart_CGTAGGCGTTGATTGC-1","Lime1",0
"490","iCDC_heart","T-Reg","Expanded","iCDC_heart_CGTAGGCGTTGATTGC-1","Selenok",1.09861228866811
"491","iCDC_heart","T-Reg","Expanded","iCDC_heart_CGTAGGCGTTGATTGC-1","Il31ra",0
"492","iCDC_heart","T-Reg","Expanded","iCDC_heart_CGTAGGCGTTGATTGC-1","Aven",0.693147180559945
"493","iCDC_heart","T-Reg","Expanded","iCDC_heart_CGTAGGCGTTGATTGC-1","Cct6a",1.6094379124341
"494","iCDC_heart","T-Reg","Expanded","iCDC_heart_CGTAGGCGTTGATTGC-1","Ppm1h",0
"495","iCDC_heart","T-Reg","Expanded","iCDC_heart_CGTAGGCGTTGATTGC-1","Wrn",0
"496","iCDC_heart","T-Reg","Expanded","iCDC_heart_GACGTGCGTTACGTCA-1","Sipa1",0
"497","iCDC_heart","T-Reg","Expanded","iCDC_heart_GACGTGCGTTACGTCA-1","Trbc2",1.09861228866811
"498","iCDC_heart","T-Reg","Expanded","iCDC_heart_GACGTGCGTTACGTCA-1","Trbv29",2.07944154167984
"499","iCDC_heart","T-Reg","Expanded","iCDC_heart_GACGTGCGTTACGTCA-1","Gzmb",0
"500","iCDC_heart","T-Reg","Expanded","iCDC_heart_GACGTGCGTTACGTCA-1","Lime1",1.09861228866811
"501","iCDC_heart","T-Reg","Expanded","iCDC_heart_GACGTGCGTTACGTCA-1","Selenok",1.09861228866811
"502","iCDC_heart","T-Reg","Expanded","iCDC_heart_GACGTGCGTTACGTCA-1","Il31ra",0
"503","iCDC_heart","T-Reg","Expanded","iCDC_heart_GACGTGCGTTACGTCA-1","Aven",0
"504","iCDC_heart","T-Reg","Expanded","iCDC_heart_GACGTGCGTTACGTCA-1","Cct6a",1.38629436111989
"505","iCDC_heart","T-Reg","Expanded","iCDC_heart_GACGTGCGTTACGTCA-1","Ppm1h",0
"506","iCDC_heart","T-Reg","Expanded","iCDC_heart_GACGTGCGTTACGTCA-1","Wrn",0
"507","iCDC_heart","T-Reg","Expanded","iCDC_heart_GAGGTGATCTATGTGG-1","Sipa1",0
"508","iCDC_heart","T-Reg","Expanded","iCDC_heart_GAGGTGATCTATGTGG-1","Trbc2",0
"509","iCDC_heart","T-Reg","Expanded","iCDC_heart_GAGGTGATCTATGTGG-1","Trbv29",0
"510","iCDC_heart","T-Reg","Expanded","iCDC_heart_GAGGTGATCTATGTGG-1","Gzmb",0
"511","iCDC_heart","T-Reg","Expanded","iCDC_heart_GAGGTGATCTATGTGG-1","Lime1",0
"512","iCDC_heart","T-Reg","Expanded","iCDC_heart_GAGGTGATCTATGTGG-1","Selenok",1.09861228866811
"513","iCDC_heart","T-Reg","Expanded","iCDC_heart_GAGGTGATCTATGTGG-1","Il31ra",0
"514","iCDC_heart","T-Reg","Expanded","iCDC_heart_GAGGTGATCTATGTGG-1","Aven",0
"515","iCDC_heart","T-Reg","Expanded","iCDC_heart_GAGGTGATCTATGTGG-1","Cct6a",2.77258872223978
"516","iCDC_heart","T-Reg","Expanded","iCDC_heart_GAGGTGATCTATGTGG-1","Ppm1h",0
"517","iCDC_heart","T-Reg","Expanded","iCDC_heart_GAGGTGATCTATGTGG-1","Wrn",0
"518","iCDC_heart","T-Reg","Expanded","iCDC_heart_GATCTAGAGCCATCGC-1","Sipa1",0.693147180559945
"519","iCDC_heart","T-Reg","Expanded","iCDC_heart_GATCTAGAGCCATCGC-1","Trbc2",1.38629436111989
"520","iCDC_heart","T-Reg","Expanded","iCDC_heart_GATCTAGAGCCATCGC-1","Trbv29",0
"521","iCDC_heart","T-Reg","Expanded","iCDC_heart_GATCTAGAGCCATCGC-1","Gzmb",0.693147180559945
"522","iCDC_heart","T-Reg","Expanded","iCDC_heart_GATCTAGAGCCATCGC-1","Lime1",0
"523","iCDC_heart","T-Reg","Expanded","iCDC_heart_GATCTAGAGCCATCGC-1","Selenok",0.693147180559945
"524","iCDC_heart","T-Reg","Expanded","iCDC_heart_GATCTAGAGCCATCGC-1","Il31ra",0.693147180559945
"525","iCDC_heart","T-Reg","Expanded","iCDC_heart_GATCTAGAGCCATCGC-1","Aven",0
"526","iCDC_heart","T-Reg","Expanded","iCDC_heart_GATCTAGAGCCATCGC-1","Cct6a",0
"527","iCDC_heart","T-Reg","Expanded","iCDC_heart_GATCTAGAGCCATCGC-1","Ppm1h",0
"528","iCDC_heart","T-Reg","Expanded","iCDC_heart_GATCTAGAGCCATCGC-1","Wrn",0
"529","iCDC_heart","T-Reg","Expanded","iCDC_heart_GCGGGTTTCCGATATG-1","Sipa1",0
"530","iCDC_heart","T-Reg","Expanded","iCDC_heart_GCGGGTTTCCGATATG-1","Trbc2",0.693147180559945
"531","iCDC_heart","T-Reg","Expanded","iCDC_heart_GCGGGTTTCCGATATG-1","Trbv29",0
"532","iCDC_heart","T-Reg","Expanded","iCDC_heart_GCGGGTTTCCGATATG-1","Gzmb",0.693147180559945
"533","iCDC_heart","T-Reg","Expanded","iCDC_heart_GCGGGTTTCCGATATG-1","Lime1",1.09861228866811
"534","iCDC_heart","T-Reg","Expanded","iCDC_heart_GCGGGTTTCCGATATG-1","Selenok",0.693147180559945
"535","iCDC_heart","T-Reg","Expanded","iCDC_heart_GCGGGTTTCCGATATG-1","Il31ra",1.09861228866811
"536","iCDC_heart","T-Reg","Expanded","iCDC_heart_GCGGGTTTCCGATATG-1","Aven",0
"537","iCDC_heart","T-Reg","Expanded","iCDC_heart_GCGGGTTTCCGATATG-1","Cct6a",0
"538","iCDC_heart","T-Reg","Expanded","iCDC_heart_GCGGGTTTCCGATATG-1","Ppm1h",1.09861228866811
"539","iCDC_heart","T-Reg","Expanded","iCDC_heart_GCGGGTTTCCGATATG-1","Wrn",0
"540","iCDC_heart","T-Reg","Expanded","iCDC_heart_GCTGCGATCTTATCTG-1","Sipa1",0
"541","iCDC_heart","T-Reg","Expanded","iCDC_heart_GCTGCGATCTTATCTG-1","Trbc2",0
"542","iCDC_heart","T-Reg","Expanded","iCDC_heart_GCTGCGATCTTATCTG-1","Trbv29",0
"543","iCDC_heart","T-Reg","Expanded","iCDC_heart_GCTGCGATCTTATCTG-1","Gzmb",0
"544","iCDC_heart","T-Reg","Expanded","iCDC_heart_GCTGCGATCTTATCTG-1","Lime1",1.09861228866811
"545","iCDC_heart","T-Reg","Expanded","iCDC_heart_GCTGCGATCTTATCTG-1","Selenok",0
"546","iCDC_heart","T-Reg","Expanded","iCDC_heart_GCTGCGATCTTATCTG-1","Il31ra",1.38629436111989
"547","iCDC_heart","T-Reg","Expanded","iCDC_heart_GCTGCGATCTTATCTG-1","Aven",0
"548","iCDC_heart","T-Reg","Expanded","iCDC_heart_GCTGCGATCTTATCTG-1","Cct6a",2.484906649788
"549","iCDC_heart","T-Reg","Expanded","iCDC_heart_GCTGCGATCTTATCTG-1","Ppm1h",1.09861228866811
"550","iCDC_heart","T-Reg","Expanded","iCDC_heart_GCTGCGATCTTATCTG-1","Wrn",0
"551","iCDC_heart","T-Reg","Expanded","iCDC_heart_GGGTTGCAGTTATCGC-1","Sipa1",0.693147180559945
"552","iCDC_heart","T-Reg","Expanded","iCDC_heart_GGGTTGCAGTTATCGC-1","Trbc2",1.09861228866811
"553","iCDC_heart","T-Reg","Expanded","iCDC_heart_GGGTTGCAGTTATCGC-1","Trbv29",0
"554","iCDC_heart","T-Reg","Expanded","iCDC_heart_GGGTTGCAGTTATCGC-1","Gzmb",1.79175946922805
"555","iCDC_heart","T-Reg","Expanded","iCDC_heart_GGGTTGCAGTTATCGC-1","Lime1",0.693147180559945
"556","iCDC_heart","T-Reg","Expanded","iCDC_heart_GGGTTGCAGTTATCGC-1","Selenok",0.693147180559945
"557","iCDC_heart","T-Reg","Expanded","iCDC_heart_GGGTTGCAGTTATCGC-1","Il31ra",0.693147180559945
"558","iCDC_heart","T-Reg","Expanded","iCDC_heart_GGGTTGCAGTTATCGC-1","Aven",1.09861228866811
"559","iCDC_heart","T-Reg","Expanded","iCDC_heart_GGGTTGCAGTTATCGC-1","Cct6a",0
"560","iCDC_heart","T-Reg","Expanded","iCDC_heart_GGGTTGCAGTTATCGC-1","Ppm1h",0
"561","iCDC_heart","T-Reg","Expanded","iCDC_heart_GGGTTGCAGTTATCGC-1","Wrn",0.693147180559945
"562","iCDC_heart","T-Reg","Expanded","iCDC_heart_GGGTTGCGTAGCCTAT-1","Sipa1",0.693147180559945
"563","iCDC_heart","T-Reg","Expanded","iCDC_heart_GGGTTGCGTAGCCTAT-1","Trbc2",1.94591014905531
"564","iCDC_heart","T-Reg","Expanded","iCDC_heart_GGGTTGCGTAGCCTAT-1","Trbv29",0
"565","iCDC_heart","T-Reg","Expanded","iCDC_heart_GGGTTGCGTAGCCTAT-1","Gzmb",0
"566","iCDC_heart","T-Reg","Expanded","iCDC_heart_GGGTTGCGTAGCCTAT-1","Lime1",0
"567","iCDC_heart","T-Reg","Expanded","iCDC_heart_GGGTTGCGTAGCCTAT-1","Selenok",0.693147180559945
"568","iCDC_heart","T-Reg","Expanded","iCDC_heart_GGGTTGCGTAGCCTAT-1","Il31ra",1.79175946922805
"569","iCDC_heart","T-Reg","Expanded","iCDC_heart_GGGTTGCGTAGCCTAT-1","Aven",0
"570","iCDC_heart","T-Reg","Expanded","iCDC_heart_GGGTTGCGTAGCCTAT-1","Cct6a",0
"571","iCDC_heart","T-Reg","Expanded","iCDC_heart_GGGTTGCGTAGCCTAT-1","Ppm1h",0.693147180559945
"572","iCDC_heart","T-Reg","Expanded","iCDC_heart_GGGTTGCGTAGCCTAT-1","Wrn",0
"573","iCDC_heart","T-Reg","Expanded","iCDC_heart_TGTCCCAAGACAGACC-1","Sipa1",0
"574","iCDC_heart","T-Reg","Expanded","iCDC_heart_TGTCCCAAGACAGACC-1","Trbc2",1.38629436111989
"575","iCDC_heart","T-Reg","Expanded","iCDC_heart_TGTCCCAAGACAGACC-1","Trbv29",0
"576","iCDC_heart","T-Reg","Expanded","iCDC_heart_TGTCCCAAGACAGACC-1","Gzmb",0
"577","iCDC_heart","T-Reg","Expanded","iCDC_heart_TGTCCCAAGACAGACC-1","Lime1",0
"578","iCDC_heart","T-Reg","Expanded","iCDC_heart_TGTCCCAAGACAGACC-1","Selenok",1.09861228866811
"579","iCDC_heart","T-Reg","Expanded","iCDC_heart_TGTCCCAAGACAGACC-1","Il31ra",0.693147180559945
"580","iCDC_heart","T-Reg","Expanded","iCDC_heart_TGTCCCAAGACAGACC-1","Aven",0
"581","iCDC_heart","T-Reg","Expanded","iCDC_heart_TGTCCCAAGACAGACC-1","Cct6a",2.63905732961526
"582","iCDC_heart","T-Reg","Expanded","iCDC_heart_TGTCCCAAGACAGACC-1","Ppm1h",0
"583","iCDC_heart","T-Reg","Expanded","iCDC_heart_TGTCCCAAGACAGACC-1","Wrn",0
"584","iCDC_heart","T-Reg","Expanded","iCDC_heart_TGTCCCATCTTTACAC-1","Sipa1",1.09861228866811
"585","iCDC_heart","T-Reg","Expanded","iCDC_heart_TGTCCCATCTTTACAC-1","Trbc2",1.6094379124341
"586","iCDC_heart","T-Reg","Expanded","iCDC_heart_TGTCCCATCTTTACAC-1","Trbv29",1.38629436111989
"587","iCDC_heart","T-Reg","Expanded","iCDC_heart_TGTCCCATCTTTACAC-1","Gzmb",0
"588","iCDC_heart","T-Reg","Expanded","iCDC_heart_TGTCCCATCTTTACAC-1","Lime1",1.09861228866811
"589","iCDC_heart","T-Reg","Expanded","iCDC_heart_TGTCCCATCTTTACAC-1","Selenok",1.09861228866811
"590","iCDC_heart","T-Reg","Expanded","iCDC_heart_TGTCCCATCTTTACAC-1","Il31ra",1.6094379124341
"591","iCDC_heart","T-Reg","Expanded","iCDC_heart_TGTCCCATCTTTACAC-1","Aven",0
"592","iCDC_heart","T-Reg","Expanded","iCDC_heart_TGTCCCATCTTTACAC-1","Cct6a",1.09861228866811
"593","iCDC_heart","T-Reg","Expanded","iCDC_heart_TGTCCCATCTTTACAC-1","Ppm1h",1.09861228866811
"594","iCDC_heart","T-Reg","Expanded","iCDC_heart_TGTCCCATCTTTACAC-1","Wrn",0
"595","iCDC_heart","T-Reg","Expanded","iCDC_heart_TTCTCAACAGTATGCT-1","Sipa1",0
"596","iCDC_heart","T-Reg","Expanded","iCDC_heart_TTCTCAACAGTATGCT-1","Trbc2",1.38629436111989
"597","iCDC_heart","T-Reg","Expanded","iCDC_heart_TTCTCAACAGTATGCT-1","Trbv29",1.38629436111989
"598","iCDC_heart","T-Reg","Expanded","iCDC_heart_TTCTCAACAGTATGCT-1","Gzmb",1.38629436111989
"599","iCDC_heart","T-Reg","Expanded","iCDC_heart_TTCTCAACAGTATGCT-1","Lime1",1.38629436111989
"600","iCDC_heart","T-Reg","Expanded","iCDC_heart_TTCTCAACAGTATGCT-1","Selenok",1.38629436111989
"601","iCDC_heart","T-Reg","Expanded","iCDC_heart_TTCTCAACAGTATGCT-1","Il31ra",0
"602","iCDC_heart","T-Reg","Expanded","iCDC_heart_TTCTCAACAGTATGCT-1","Aven",0
"603","iCDC_heart","T-Reg","Expanded","iCDC_heart_TTCTCAACAGTATGCT-1","Cct6a",0
"604","iCDC_heart","T-Reg","Expanded","iCDC_heart_TTCTCAACAGTATGCT-1","Ppm1h",0
"605","iCDC_heart","T-Reg","Expanded","iCDC_heart_TTCTCAACAGTATGCT-1","Wrn",0
"606","iCDC_heart","T-Reg","Expanded","iCDC_heart_TTGGCAAAGGACCACA-1","Sipa1",0
"607","iCDC_heart","T-Reg","Expanded","iCDC_heart_TTGGCAAAGGACCACA-1","Trbc2",1.09861228866811
"608","iCDC_heart","T-Reg","Expanded","iCDC_heart_TTGGCAAAGGACCACA-1","Trbv29",1.38629436111989
"609","iCDC_heart","T-Reg","Expanded","iCDC_heart_TTGGCAAAGGACCACA-1","Gzmb",0
"610","iCDC_heart","T-Reg","Expanded","iCDC_heart_TTGGCAAAGGACCACA-1","Lime1",0
"611","iCDC_heart","T-Reg","Expanded","iCDC_heart_TTGGCAAAGGACCACA-1","Selenok",1.38629436111989
"612","iCDC_heart","T-Reg","Expanded","iCDC_heart_TTGGCAAAGGACCACA-1","Il31ra",1.09861228866811
"613","iCDC_heart","T-Reg","Expanded","iCDC_heart_TTGGCAAAGGACCACA-1","Aven",0
"614","iCDC_heart","T-Reg","Expanded","iCDC_heart_TTGGCAAAGGACCACA-1","Cct6a",1.09861228866811
"615","iCDC_heart","T-Reg","Expanded","iCDC_heart_TTGGCAAAGGACCACA-1","Ppm1h",0.693147180559945
"616","iCDC_heart","T-Reg","Expanded","iCDC_heart_TTGGCAAAGGACCACA-1","Wrn",0
"617","iCDC_heart","T-Reg","Expanded","iCDC_heart_TTGGCAACACTTACGA-1","Sipa1",0
"618","iCDC_heart","T-Reg","Expanded","iCDC_heart_TTGGCAACACTTACGA-1","Trbc2",1.38629436111989
"619","iCDC_heart","T-Reg","Expanded","iCDC_heart_TTGGCAACACTTACGA-1","Trbv29",1.38629436111989
"620","iCDC_heart","T-Reg","Expanded","iCDC_heart_TTGGCAACACTTACGA-1","Gzmb",0.693147180559945
"621","iCDC_heart","T-Reg","Expanded","iCDC_heart_TTGGCAACACTTACGA-1","Lime1",0.693147180559945
"622","iCDC_heart","T-Reg","Expanded","iCDC_heart_TTGGCAACACTTACGA-1","Selenok",0
"623","iCDC_heart","T-Reg","Expanded","iCDC_heart_TTGGCAACACTTACGA-1","Il31ra",1.09861228866811
"624","iCDC_heart","T-Reg","Expanded","iCDC_heart_TTGGCAACACTTACGA-1","Aven",0
"625","iCDC_heart","T-Reg","Expanded","iCDC_heart_TTGGCAACACTTACGA-1","Cct6a",1.38629436111989
"626","iCDC_heart","T-Reg","Expanded","iCDC_heart_TTGGCAACACTTACGA-1","Ppm1h",0
"627","iCDC_heart","T-Reg","Expanded","iCDC_heart_TTGGCAACACTTACGA-1","Wrn",0.693147180559945
